name,longi,lati,xy
?úÏö∏,lon=126.98164170000001,&lat=37.57037778,lon=126.98164170000001&lat=37.57037778
Î∂Ä?∞Í¥ë??ãú,lon=129.0769528,&lat=35.17701944,lon=129.0769528&lat=35.17701944
?ÄÍµ¨Í¥ë??ãú,lon=128.6035528,&lat=35.86854167,lon=128.6035528&lat=35.86854167
?∏Ï≤úÍ¥ëÏó≠??lon=126.7073528,&lat=37.45323333,lon=126.7073528&lat=37.45323333,
Í¥ëÏ£ºÍ¥ëÏó≠??lon=126.85336389999999,&lat=35.156975,lon=126.85336389999999&lat=35.156975,
?Ä?ÑÍ¥ë??ãú,lon=127.38656670000002,&lat=36.34711944,lon=127.38656670000002&lat=36.34711944
?∏ÏÇ∞Í¥ëÏó≠??lon=129.3136889,&lat=35.53540833,lon=129.3136889&lat=35.53540833,
?∏Ï¢Ö?πÎ≥Ñ?êÏπò??lon=127.28906909999999,&lat=36.4800121,lon=127.28906909999999&lat=36.4800121,
Î∞±Î†π??lon=124.71869109999999,&lat=37.9741764,lon=124.71869109999999&lat=37.9741764,
Í∞ïÌôîÍµ?lon=126.49,&lat=37.74385833,lon=126.49&lat=37.74385833,
?òÏõê??lon=127.01222220000001,&lat=37.30101111,lon=127.01222220000001&lat=37.30101111,
?±ÎÇ®??lon=127.14771940000001,&lat=37.44749167,lon=127.14771940000001&lat=37.44749167,
?òÏ†ïÎ∂Ä??lon=127.03584170000002,&lat=37.73528889,lon=127.03584170000002&lat=37.73528889,
?àÏñë??lon=126.95335559999998,&lat=37.3897,lon=126.95335559999998&lat=37.3897,
Î∂ÄÏ≤úÏãú,lon=126.766,&lat=37.5035917,lon=126.766&lat=37.5035917
Í¥ëÎ™Ö??lon=126.86670829999998,&lat=37.47575,lon=126.86670829999998&lat=37.47575,
?âÌÉù??lon=127.11465559999999,&lat=36.98943889,lon=127.11465559999999&lat=36.98943889,
?ôÎëêÏ≤úÏãú,lon=127.0626528,&lat=37.90091667,lon=127.0626528&lat=37.90091667
?àÏÇ∞??lon=126.84681940000002,&lat=37.29851944,lon=126.84681940000002&lat=37.29851944,
Í≥†Ïñë??lon=126.8341972,&lat=37.63458333,lon=126.8341972&lat=37.63458333,
Í≥ºÏ≤ú??lon=126.9898,&lat=37.42637222,lon=126.9898&lat=37.42637222,
Íµ¨Î¶¨??lon=127.1318639,&lat=37.591625,lon=127.1318639&lat=37.591625,
?®ÏñëÏ£ºÏãú,lon=127.2186333,&lat=37.63317778,lon=127.2186333&lat=37.63317778
?§ÏÇ∞??lon=127.07964170000001,&lat=37.14691389,lon=127.07964170000001&lat=37.14691389,
?úÌù•??lon=126.80507779999999,&lat=37.37731944,lon=126.80507779999999&lat=37.37731944,
Íµ∞Ìè¨??lon=126.9375,&lat=37.35865833,lon=126.9375&lat=37.35865833,
?òÏôï??lon=126.9703889,&lat=37.34195,lon=126.9703889&lat=37.34195,
?òÎÇ®??lon=127.21700000000001,&lat=37.53649722,lon=127.21700000000001&lat=37.53649722,
?©Ïù∏??lon=127.20384440000001,&lat=37.23147778,lon=127.20384440000001&lat=37.23147778,
?åÏ£º??lon=126.7819528,&lat=37.75708333,lon=126.7819528&lat=37.75708333,
?¥Ï≤ú??lon=127.44321940000002,&lat=37.27543611,lon=127.44321940000002&lat=37.27543611,
?àÏÑ±??lon=127.28184440000001,&lat=37.005175,lon=127.28184440000001&lat=37.005175,
ÍπÄ?¨Ïãú,lon=126.7177778,&lat=37.61245833,lon=126.7177778&lat=37.61245833
?îÏÑ±??lon=126.83353059999999,&lat=37.19681667,lon=126.83353059999999&lat=37.19681667,
Í¥ëÏ£º??lon=127.2577861,&lat=37.41450556,lon=127.2577861&lat=37.41450556,
?ëÏ£º??lon=127.04781940000001,&lat=37.78245,lon=127.04781940000001&lat=37.78245,
?¨Ï≤ú??lon=127.20241940000001,&lat=37.89215556,lon=127.20241940000001&lat=37.89215556,
?¨Ï£º??lon=127.6396222,&lat=37.29535833,lon=127.6396222&lat=37.29535833,
?∞Ï≤úÍµ?lon=127.07706670000002,&lat=38.09336389,lon=127.07706670000002&lat=38.09336389,
Í∞Ä?âÍµ∞,lon=127.51177779999999,&lat=37.82883056,lon=127.51177779999999&lat=37.82883056
?ëÌèâÍµ?lon=127.4898861,&lat=37.48893611,lon=127.4898861&lat=37.48893611,
Ï∂òÏ≤ú??lon=127.7323111,&lat=37.87854167,lon=127.7323111&lat=37.87854167,
?êÏ£º??lon=127.9220556,&lat=37.33908333,lon=127.9220556&lat=37.33908333,
Í∞ïÎ¶â??lon=128.8784972,&lat=37.74913611,lon=128.8784972&lat=37.74913611,
?ôÌï¥??lon=129.1166333,&lat=37.52193056,lon=129.1166333&lat=37.52193056,
?ÄÍ¥Ä??lon=128.70843059999999,&lat=37.67092222,lon=128.70843059999999&lat=37.67092222,
?úÎ∞±??lon=128.9879972,&lat=37.16122778,lon=128.9879972&lat=37.16122778,
?çÏ¥à??lon=128.59416670000002,&lat=38.204275,lon=128.59416670000002&lat=38.204275,
?ºÏ≤ô??lon=129.1674889,&lat=37.44708611,lon=129.1674889&lat=37.44708611,
?çÏ≤úÍµ?lon=127.89084170000001,&lat=37.69442222,lon=127.89084170000001&lat=37.69442222,
?°ÏÑ±Íµ?lon=127.9872222,&lat=37.48895833,lon=127.9872222&lat=37.48895833,
?ÅÏõîÍµ?lon=128.4640194,&lat=37.18086111,lon=128.4640194&lat=37.18086111,
?âÏ∞ΩÍµ?lon=128.3923528,&lat=37.36791667,lon=128.3923528&lat=37.36791667,
?ïÏÑ†Íµ?lon=128.66308610000002,&lat=37.37780833,lon=128.66308610000002&lat=37.37780833,
Ï≤†ÏõêÍµ?lon=127.31573329999999,&lat=38.14405556,lon=127.31573329999999&lat=38.14405556,
?îÏ≤úÍµ?lon=127.71035559999999,&lat=38.10340833,lon=127.71035559999999&lat=38.10340833,
?ëÍµ¨Íµ?lon=127.99224440000002,&lat=38.10729167,lon=127.99224440000002&lat=38.10729167,
?∏Ï†úÍµ?lon=128.17269720000002,&lat=38.06697222,lon=128.17269720000002&lat=38.06697222,
Í≥†ÏÑ±Íµ?lon=128.4701639,&lat=38.37796111,lon=128.4701639&lat=38.37796111,
?ëÏñëÍµ?lon=128.6213556,&lat=38.07283333,lon=128.6213556&lat=38.07283333,
Ï≤?£º??lon=127.51173059999999,&lat=36.58399722,lon=127.51173059999999&lat=36.58399722,
Ï∂©Ï£º??lon=127.92814440000001,&lat=36.98818056,lon=127.92814440000001&lat=36.98818056,
Ï∂îÌíç??lon=128.000875,&lat=36.21163333,lon=128.000875&lat=36.21163333,
?úÏ≤ú??lon=128.1931528,&lat=37.12976944,lon=128.1931528&lat=37.12976944,
Î≥¥Ï?Íµ?lon=127.73160829999999,&lat=36.48653333,lon=127.73160829999999&lat=36.48653333,
?•Ï≤úÍµ?lon=127.57363329999998,&lat=36.30355,lon=127.57363329999998&lat=36.30355,
?ÅÎèôÍµ?lon=127.7856111,&lat=36.17205833,lon=127.7856111&lat=36.17205833,
Ï¶ùÌèâÍµ?lon=127.5832889,&lat=36.78218056,lon=127.5832889&lat=36.78218056,
Í¥¥ÏÇ∞Íµ?lon=127.78883059999998,&lat=36.81243056,lon=127.78883059999998&lat=36.81243056,
?åÏÑ±Íµ?lon=127.6926222,&lat=36.93740556,lon=127.6926222&lat=36.93740556,
?®ÏñëÍµ?lon=128.3678417,&lat=36.98178056,lon=128.3678417&lat=36.98178056,
Ï≤úÏïà??lon=127.15246670000002,&lat=36.804125,lon=127.15246670000002&lat=36.804125,
Í≥µÏ£º??lon=127.12111940000001,&lat=36.44361389,lon=127.12111940000001&lat=36.44361389,
Î≥¥Î†π??lon=126.6148861,&lat=36.330575,lon=126.6148861&lat=36.330575,
?ÑÏÇ∞??lon=127.00464170000001,&lat=36.78710556,lon=127.00464170000001&lat=36.78710556,
?úÏÇ∞??lon=126.4521639,&lat=36.78209722,lon=126.4521639&lat=36.78209722,
?ºÏÇ∞??lon=127.1009111,&lat=36.18420278,lon=127.1009111&lat=36.18420278,
Í≥ÑÎ£°??lon=127.25093059999999,&lat=36.27183611,lon=127.25093059999999&lat=36.27183611,
?πÏßÑ??lon=126.6302528,&lat=36.89075,lon=126.6302528&lat=36.89075,
Í∏àÏÇ∞Íµ?lon=127.49030829999998,&lat=36.10586944,lon=127.49030829999998&lat=36.10586944,
Î∂Ä?¨Íµ∞,lon=126.9118639,&lat=36.27282222,lon=126.9118639&lat=36.27282222
?úÏ≤úÍµ?lon=126.69388889999999,&lat=36.07740556,lon=126.69388889999999&lat=36.07740556,
Ï≤?ñëÍµ?lon=126.80425559999999,&lat=36.45626944,lon=126.80425559999999&lat=36.45626944,
?çÏÑ±Íµ?lon=126.66290829999998,&lat=36.59836111,lon=126.66290829999998&lat=36.59836111,
?àÏÇ∞Íµ?lon=126.850875,&lat=36.67980556,lon=126.850875&lat=36.67980556,
?úÏïàÍµ?lon=126.299975,&lat=36.74266667,lon=126.299975&lat=36.74266667,
?ÑÏ£º??lon=127.12191940000001,&lat=35.80918889,lon=127.12191940000001&lat=35.80918889,
Íµ∞ÏÇ∞??lon=126.73884440000002,&lat=35.96464167,lon=126.73884440000002&lat=35.96464167,
?µÏÇ∞??lon=126.9598528,&lat=35.945275,lon=126.9598528&lat=35.945275,
?ïÏùç??lon=126.8581111,&lat=35.56687222,lon=126.8581111&lat=35.56687222,
?®Ïõê??lon=127.3925,&lat=35.41325556,lon=127.3925&lat=35.41325556,
ÍπÄ?úÏãú,lon=126.88275279999999,&lat=35.800575,lon=126.88275279999999&lat=35.800575
?ÑÏ£ºÍµ?lon=127.1495972,&lat=35.84296944,lon=127.1495972&lat=35.84296944,
ÏßÑÏïàÍµ?lon=127.42696670000001,&lat=35.78871944,lon=127.42696670000001&lat=35.78871944,
Î¨¥Ï£ºÍµ?lon=127.66286670000001,&lat=36.00382778,lon=127.66286670000001&lat=36.00382778,
?•ÏàòÍµ?lon=127.5233,&lat=35.64429722,lon=127.5233&lat=35.64429722,
?ÑÏã§Íµ?lon=127.28475279999999,&lat=35.60806389,lon=127.28475279999999&lat=35.60806389,
?úÏ∞ΩÍµ?lon=127.13963059999999,&lat=35.37138889,lon=127.13963059999999&lat=35.37138889,
Í≥†Ï∞ΩÍµ?lon=126.70410829999999,&lat=35.43273889,lon=126.70410829999999&lat=35.43273889,
Î∂Ä?àÍµ∞,lon=126.73567779999999,&lat=35.72853333,lon=126.73567779999999&lat=35.72853333
Î™©Ìè¨??lon=126.39441940000002,&lat=34.80878889,lon=126.39441940000002&lat=34.80878889,
?¨Ïàò??lon=127.6643861,&lat=34.75731111,lon=127.6643861&lat=34.75731111,
?úÏ≤ú??lon=127.48933059999999,&lat=34.94760556,lon=127.48933059999999&lat=34.94760556,
?òÏ£º??lon=126.7128667,&lat=35.01283889,lon=126.7128667&lat=35.01283889,
Í¥ëÏñë??lon=127.6981778,&lat=34.93753611,lon=127.6981778&lat=34.93753611,
?¥ÏñëÍµ?lon=126.9901639,&lat=35.318125,lon=126.9901639&lat=35.318125,
Í≥°ÏÑ±Íµ?lon=127.29410829999999,&lat=35.27895556,lon=127.29410829999999&lat=35.27895556,
Íµ¨Î?Íµ?lon=127.46493329999998,&lat=35.19945833,lon=127.46493329999998&lat=35.19945833,
Í≥†Ìù•Íµ?lon=127.28705559999999,&lat=34.60806944,lon=127.28705559999999&lat=34.60806944,
Î≥¥ÏÑ±Íµ?lon=127.0820889,&lat=34.76833333,lon=127.0820889&lat=34.76833333,
?îÏàúÍµ?lon=126.9885667,&lat=35.06148056,lon=126.9885667&lat=35.06148056,
?•Ìù•Íµ?lon=126.90910829999999,&lat=34.678525,lon=126.90910829999999&lat=34.678525,
Í∞ïÏßÑÍµ?lon=126.76919720000001,&lat=34.63891111,lon=126.76919720000001&lat=34.63891111,
?¥ÎÇ®Íµ?lon=126.6012889,&lat=34.57043611,lon=126.6012889&lat=34.57043611,
?ÅÏïîÍµ?lon=126.69861940000001,&lat=34.79698889,lon=126.69861940000001&lat=34.79698889,
?ëÏÇ∞??lon=125.43126389999999,&lat=34.679775,lon=125.43126389999999&lat=34.679775,
Î¨¥ÏïàÍµ?lon=126.4837,&lat=34.98736944,lon=126.4837&lat=34.98736944,
?®ÌèâÍµ?lon=126.51861940000002,&lat=35.06274444,lon=126.51861940000002&lat=35.06274444,
?ÅÍ¥ëÍµ?lon=126.5140861,&lat=35.27416667,lon=126.5140861&lat=35.27416667,
?•ÏÑ±Íµ?lon=126.786975,&lat=35.29881111,lon=126.786975&lat=35.29881111,
?ÑÎèÑÍµ?lon=126.7570972,&lat=34.30785278,lon=126.7570972&lat=34.30785278,
ÏßÑÎèÑÍµ?lon=126.26554440000001,&lat=34.48375,lon=126.26554440000001&lat=34.48375,
?†ÏïàÍµ?lon=126.38173059999998,&lat=34.78981111,lon=126.38173059999998&lat=34.78981111,
?¨Ìï≠??lon=129.36790829999998,&lat=36.03885,lon=129.36790829999998&lat=36.03885,
Í≤ΩÏ£º??lon=129.2270222,&lat=35.85316944,lon=129.2270222&lat=35.85316944,
ÍπÄÏ≤úÏãú,lon=128.1158,&lat=36.13689722,lon=128.1158&lat=36.13689722
?àÎèô??lon=128.7316222,&lat=36.56546389,lon=128.7316222&lat=36.56546389,
Íµ¨Î???lon=128.34677779999998,&lat=36.11655,lon=128.34677779999998&lat=36.11655,
?ÅÏ£º??lon=128.62634440000002,&lat=36.80293611,lon=128.62634440000002&lat=36.80293611,
?ÅÏ≤ú??lon=128.940775,&lat=35.97005278,lon=128.940775&lat=35.97005278,
?ÅÏ£º??lon=128.1612639,&lat=36.40796944,lon=128.1612639&lat=36.40796944,
Î¨∏Í≤Ω??lon=128.1890194,&lat=36.58363056,lon=128.1890194&lat=36.58363056,
Í≤ΩÏÇ∞??lon=128.7434639,&lat=35.82208889,lon=128.7434639&lat=35.82208889,
Íµ∞ÏúÑÍµ?lon=128.5750778,&lat=36.23999722,lon=128.5750778&lat=36.23999722,
?òÏÑ±Íµ?lon=128.6993639,&lat=36.34975833,lon=128.6993639&lat=36.34975833,
Ï≤?Ü°Íµ?lon=129.0594,&lat=36.43329167,lon=129.0594&lat=36.43329167,
?ÅÏñëÍµ?lon=129.1146222,&lat=36.664275,lon=129.1146222&lat=36.664275,
?ÅÎçïÍµ?lon=129.36835559999997,&lat=36.41210278,lon=129.36835559999997&lat=36.41210278,
Ï≤?èÑÍµ?lon=128.7362,&lat=35.64431111,lon=128.7362&lat=35.64431111,
Í≥†Î†πÍµ?lon=128.2650222,&lat=35.72298611,lon=128.2650222&lat=35.72298611,
?±Ï£ºÍµ?lon=128.2851528,&lat=35.91621111,lon=128.2851528&lat=35.91621111,
?¨ÏÑ±Íµ?lon=128.433275,&lat=35.77168056,lon=128.433275&lat=35.77168056,
Ïπ†Í≥°Íµ?lon=128.4037972,&lat=35.99254722,lon=128.4037972&lat=35.99254722,
?àÏ≤úÍµ?lon=128.4550222,&lat=36.65495,lon=128.4550222&lat=36.65495,
Î¥âÌôîÍµ?lon=128.734875,&lat=36.89026111,lon=128.734875&lat=36.89026111,
?∏ÏßÑÍµ?lon=129.40278610000001,&lat=36.99018611,lon=129.40278610000001&lat=36.99018611,
?∏Î¶âÍµ?lon=130.9037889,&lat=37.480575,lon=130.9037889&lat=37.480575,
?ÖÎèÑ,lon=131.8648471,&lat=37.2414386,lon=131.8648471&lat=37.2414386
Ï∞ΩÏõê??lon=128.6401544,&lat=35.2540033,lon=128.6401544&lat=35.2540033,
ÏßÑÏ£º??lon=128.11,&lat=35.17703333,lon=128.11&lat=35.17703333,
?µÏòÅ??lon=128.4352778,&lat=34.85125833,lon=128.4352778&lat=34.85125833,
?¨Ï≤ú??lon=128.06677779999998,&lat=35.00028333,lon=128.06677779999998&lat=35.00028333,
ÍπÄ?¥Ïãú,lon=128.8916667,&lat=35.22550556,lon=128.8916667&lat=35.22550556
Î∞Ä?ëÏãú,lon=128.74894440000003,&lat=35.50077778,lon=128.74894440000003&lat=35.50077778
Í±∞Ï†ú??lon=128.6233556,&lat=34.87735833,lon=128.6233556&lat=34.87735833,
?ëÏÇ∞??lon=129.0394111,&lat=35.33192778,lon=129.0394111&lat=35.33192778,
?òÎ†πÍµ?lon=128.2638222,&lat=35.31911944,lon=128.2638222&lat=35.31911944,
?®ÏïàÍµ?lon=128.4087083,&lat=35.26940556,lon=128.4087083&lat=35.26940556,
Ï∞ΩÎÖïÍµ?lon=128.4945333,&lat=35.54153611,lon=128.4945333&lat=35.54153611,
Í≥†ÏÑ±Íµ?lon=128.32454170000003,&lat=34.9699,lon=128.32454170000003&lat=34.9699,
?®Ìï¥Íµ?lon=127.89446670000001,&lat=34.83455833,lon=127.89446670000001&lat=34.83455833,
?òÎèôÍµ?lon=127.75343059999999,&lat=35.06420278,lon=127.75343059999999&lat=35.06420278,
?∞Ï≤≠Íµ?lon=127.87561940000002,&lat=35.41249167,lon=127.87561940000002&lat=35.41249167,
?®ÏñëÍµ?lon=127.72741940000002,&lat=35.51746944,lon=127.72741940000002&lat=35.51746944,
Í±∞Ï∞ΩÍµ?lon=127.91165559999999,&lat=35.683625,lon=127.91165559999999&lat=35.683625,
?©Ï≤úÍµ?lon=128.16793059999998,&lat=35.56361667,lon=128.16793059999998&lat=35.56361667,
?úÏ£º??lon=126.53320829999998,&lat=33.49631111,lon=126.53320829999998&lat=33.49631111,
?úÍ??¨Ïãú,lon=126.51255559999998,&lat=33.25235,lon=126.51255559999998&lat=33.25235
?±ÏÇ∞??lon=126.91294170000002,&lat=33.43875,lon=126.91294170000002&lat=33.43875,
?±Ìåê??lon=126.63623329999999,&lat=33.53117778,lon=126.63623329999999&lat=33.53117778,
